image_name,latitude,longitude,timestamp,road_condition,problem_type,direction
frame_0000.jpg,43.12427374,-79.22259919,2025-11-29 21:10:16+00:00,safe,none,north
frame_0001.jpg,43.12430957,-79.22261177,2025-11-29 21:10:17+00:00,safe,none,north
frame_0002.jpg,43.12430957,-79.22261177,2025-11-29 21:10:17+00:00,safe,none,north
frame_0003.jpg,43.12441373,-79.22265731,2025-11-29 21:10:29+00:00,safe,none,north
frame_0004.jpg,43.12441373,-79.22265731,2025-11-29 21:10:29+00:00,safe,none,north
frame_0005.jpg,43.12449708,-79.22256457,2025-11-29 21:10:32+00:00,safe,none,north
frame_0006.jpg,43.12453288,-79.22243808,2025-11-29 21:10:34+00:00,safe,none,north
frame_0007.jpg,43.12465159,-79.22207929,2025-11-29 21:10:38+00:00,minor_issue,crack,north
frame_0008.jpg,43.12472695,-79.22189219,2025-11-29 21:10:40+00:00,minor_issue,crack,north
frame_0009.jpg,43.12484902,-79.22155856,2025-11-29 21:10:43+00:00,minor_issue,crack,north
frame_0010.jpg,43.12497347,-79.22122115,2025-11-29 21:10:46+00:00,minor_issue,crack,north
frame_0011.jpg,43.12509596,-79.22087466,2025-11-29 21:10:49+00:00,minor_issue,crack,north
frame_0012.jpg,43.12522517,-79.22051353,2025-11-29 21:10:52+00:00,minor_issue,crack,north
frame_0013.jpg,43.12535829,-79.22010769,2025-11-29 21:10:55+00:00,safe,none,north
frame_0014.jpg,43.12551638,-79.21968278,2025-11-29 21:10:58+00:00,safe,none,north
frame_0015.jpg,43.12567206,-79.21925577,2025-11-29 21:11:01+00:00,safe,none,north
frame_0016.jpg,43.1258231,-79.21885797,2025-11-29 21:11:04+00:00,safe,none,north
frame_0017.jpg,43.12596942,-79.21845647,2025-11-29 21:11:07+00:00,safe,none,north
frame_0018.jpg,43.1261113,-79.21804311,2025-11-29 21:11:10+00:00,safe,none,north
frame_0019.jpg,43.12625775,-79.21763975,2025-11-29 21:11:13+00:00,safe,none,north
frame_0020.jpg,43.12640152,-79.21725908,2025-11-29 21:11:16+00:00,minor_issue,crack,north
frame_0021.jpg,43.12654752,-79.21686823,2025-11-29 21:11:19+00:00,minor_issue,crack,north
frame_0022.jpg,43.12669472,-79.21648154,2025-11-29 21:11:22+00:00,minor_issue,crack,north
frame_0023.jpg,43.12681911,-79.21615636,2025-11-29 21:11:25+00:00,minor_issue,crack,north
frame_0024.jpg,43.12690825,-79.21591322,2025-11-29 21:11:28+00:00,minor_issue,crack,north
frame_0025.jpg,43.12695912,-79.21579647,2025-11-29 21:11:31+00:00,minor_issue,crack,north
frame_0026.jpg,43.12695912,-79.21579647,2025-11-29 21:11:31+00:00,minor_issue,crack,north
frame_0027.jpg,43.12695912,-79.21579647,2025-11-29 21:11:31+00:00,minor_issue,crack,north
frame_0028.jpg,43.12695912,-79.21579647,2025-11-29 21:11:31+00:00,minor_issue,crack,north
frame_0029.jpg,43.12695912,-79.21579647,2025-11-29 21:11:31+00:00,minor_issue,crack,north
frame_0030.jpg,43.12702126,-79.21560854,2025-11-29 21:11:59+00:00,minor_issue,crack,north
frame_0031.jpg,43.12702126,-79.21560854,2025-11-29 21:11:59+00:00,minor_issue,none,east
frame_0032.jpg,43.12702126,-79.21560854,2025-11-29 21:11:59+00:00,minor_issue,crack,east
frame_0033.jpg,43.12702126,-79.21560854,2025-11-29 21:11:59+00:00,minor_issue,crack,east
frame_0034.jpg,43.12702126,-79.21560854,2025-11-29 21:11:59+00:00,minor_issue,crack,east
frame_0035.jpg,43.12709216,-79.2154156,2025-11-29 21:12:01+00:00,minor_issue,crack,east
frame_0036.jpg,43.12725727,-79.2150124,2025-11-29 21:12:05+00:00,minor_issue,crack,south
frame_0037.jpg,43.12735858,-79.21474838,2025-11-29 21:12:07+00:00,minor_issue,crack,south
frame_0038.jpg,43.12753612,-79.21430769,2025-11-29 21:12:10+00:00,minor_issue,crack,south
frame_0039.jpg,43.12773356,-79.21382711,2025-11-29 21:12:13+00:00,minor_issue,crack,south
frame_0040.jpg,43.12793606,-79.21333913,2025-11-29 21:12:16+00:00,minor_issue,crack,south
frame_0041.jpg,43.12812596,-79.21287786,2025-11-29 21:12:19+00:00,minor_issue,crack,south
frame_0042.jpg,43.12829433,-79.21244291,2025-11-29 21:12:22+00:00,minor_issue,crack,south
frame_0043.jpg,43.12846608,-79.21203068,2025-11-29 21:12:25+00:00,minor_issue,crack,south
frame_0044.jpg,43.12869104,-79.21148677,2025-11-29 21:12:28+00:00,minor_issue,crack,south
frame_0045.jpg,43.12885982,-79.21105287,2025-11-29 21:12:31+00:00,minor_issue,crack,south
frame_0046.jpg,43.12904196,-79.21061584,2025-11-29 21:12:34+00:00,minor_issue,crack,south
frame_0047.jpg,43.12924164,-79.21012142,2025-11-29 21:12:37+00:00,minor_issue,crack,south
frame_0048.jpg,43.12943119,-79.20965941,2025-11-29 21:12:40+00:00,major_problem,pothole,south
frame_0049.jpg,43.12959632,-79.20921606,2025-11-29 21:12:43+00:00,minor_issue,crack,south
frame_0050.jpg,43.12975592,-79.20876967,2025-11-29 21:12:47+00:00,minor_issue,crack,south
frame_0051.jpg,43.12973661,-79.20857978,2025-11-29 21:12:49+00:00,minor_issue,crack,south
frame_0052.jpg,43.1296559,-79.20821892,2025-11-29 21:12:52+00:00,minor_issue,crack,south
frame_0053.jpg,43.12961454,-79.20776149,2025-11-29 21:12:55+00:00,safe,none,south
frame_0054.jpg,43.12958889,-79.2074499,2025-11-29 21:12:58+00:00,safe,none,south
frame_0055.jpg,43.1295542,-79.20702412,2025-11-29 21:13:01+00:00,safe,none,south
frame_0056.jpg,43.12951504,-79.20658038,2025-11-29 21:13:04+00:00,safe,none,south
frame_0057.jpg,43.12949308,-79.20610673,2025-11-29 21:13:07+00:00,safe,none,south
frame_0058.jpg,43.129469,-79.20565398,2025-11-29 21:13:10+00:00,safe,none,south
frame_0059.jpg,43.12944965,-79.20529366,2025-11-29 21:13:13+00:00,safe,none,south
frame_0060.jpg,43.12944796,-79.20493871,2025-11-29 21:13:16+00:00,safe,none,south
frame_0061.jpg,43.12946731,-79.20451843,2025-11-29 21:13:19+00:00,safe,none,south
frame_0062.jpg,43.12948554,-79.20405876,2025-11-29 21:13:22+00:00,safe,none,south
frame_0063.jpg,43.12949819,-79.20371373,2025-11-29 21:13:25+00:00,safe,none,south
frame_0064.jpg,43.12947412,-79.20357232,2025-11-29 21:13:27+00:00,safe,none,south
frame_0065.jpg,43.12930785,-79.20351697,2025-11-29 21:13:35+00:00,safe,none,south
frame_0066.jpg,43.12930785,-79.20351697,2025-11-29 21:13:35+00:00,safe,none,south
frame_0067.jpg,43.12916664,-79.20349255,2025-11-29 21:13:37+00:00,safe,none,south
frame_0068.jpg,43.12883762,-79.20347523,2025-11-29 21:13:41+00:00,safe,none,south
frame_0069.jpg,43.12857148,-79.203447,2025-11-29 21:13:44+00:00,safe,none,south
frame_0070.jpg,43.12839904,-79.20342256,2025-11-29 21:13:46+00:00,safe,none,south
frame_0071.jpg,43.12806821,-79.20340176,2025-11-29 21:13:50+00:00,safe,none,south
frame_0072.jpg,43.12789737,-79.20341085,2025-11-29 21:13:52+00:00,safe,none,south
frame_0073.jpg,43.12760618,-79.20340616,2025-11-29 21:13:55+00:00,safe,none,south
frame_0074.jpg,43.12729534,-79.20336991,2025-11-29 21:13:58+00:00,safe,none,south
frame_0075.jpg,43.12696856,-79.20336937,2025-11-29 21:14:01+00:00,safe,none,south
frame_0076.jpg,43.12663721,-79.20333397,2025-11-29 21:14:04+00:00,safe,none,south
frame_0077.jpg,43.12631985,-79.2033175,2025-11-29 21:14:07+00:00,safe,none,south
frame_0078.jpg,43.12601327,-79.20329976,2025-11-29 21:14:10+00:00,safe,none,south
frame_0079.jpg,43.12564449,-79.20328934,2025-11-29 21:14:14+00:00,safe,none,north
frame_0080.jpg,43.12547947,-79.20326309,2025-11-29 21:14:16+00:00,minor_issue,crack,east
frame_0081.jpg,43.1251528,-79.20327748,2025-11-29 21:14:20+00:00,major_problem,crack,south
frame_0082.jpg,43.12500402,-79.20326519,2025-11-29 21:14:22+00:00,major_problem,crack,south
frame_0083.jpg,43.12500402,-79.20326519,2025-11-29 21:14:22+00:00,major_problem,crack,south
frame_0084.jpg,43.12489216,-79.20327916,2025-11-29 21:14:34+00:00,major_problem,crack,south
frame_0085.jpg,43.12489216,-79.20327916,2025-11-29 21:14:34+00:00,major_problem,crack,south
frame_0086.jpg,43.12489216,-79.20327916,2025-11-29 21:14:34+00:00,major_problem,crack,south
frame_0087.jpg,43.12487739,-79.20343626,2025-11-29 21:14:37+00:00,major_problem,crack,east
frame_0088.jpg,43.12487149,-79.20362883,2025-11-29 21:14:40+00:00,minor_issue,crack,north
frame_0089.jpg,43.12485603,-79.2039054,2025-11-29 21:14:44+00:00,minor_issue,crack,north
frame_0090.jpg,43.1248563,-79.20407786,2025-11-29 21:14:46+00:00,minor_issue,crack,south
frame_0091.jpg,43.12486778,-79.20442455,2025-11-29 21:14:50+00:00,minor_issue,crack,south
frame_0092.jpg,43.12484397,-79.20460507,2025-11-29 21:14:52+00:00,minor_issue,crack,north
frame_0093.jpg,43.12483242,-79.20497272,2025-11-29 21:14:56+00:00,minor_issue,crack,south
frame_0094.jpg,43.12482877,-79.20514437,2025-11-29 21:14:58+00:00,minor_issue,crack,north
frame_0095.jpg,43.12480752,-79.20553425,2025-11-29 21:15:02+00:00,minor_issue,crack,south
frame_0096.jpg,43.12479499,-79.20590177,2025-11-29 21:15:05+00:00,minor_issue,crack,south
frame_0097.jpg,43.1247978,-79.2061636,2025-11-29 21:15:07+00:00,minor_issue,crack,south
frame_0098.jpg,43.12478046,-79.20645816,2025-11-29 21:15:10+00:00,minor_issue,crack,south
frame_0099.jpg,43.12478909,-79.2066217,2025-11-29 21:15:15+00:00,minor_issue,crack,south
frame_0100.jpg,43.12477665,-79.20680459,2025-11-29 21:15:17+00:00,minor_issue,crack,south
frame_0101.jpg,43.12477928,-79.20700215,2025-11-29 21:15:19+00:00,minor_issue,crack,north
frame_0102.jpg,43.1247385,-79.20732944,2025-11-29 21:15:23+00:00,minor_issue,crack,south
frame_0103.jpg,43.12471297,-79.20746733,2025-11-29 21:15:25+00:00,minor_issue,crack,south
frame_0104.jpg,43.12454948,-79.20758128,2025-11-29 21:15:29+00:00,minor_issue,crack,south
frame_0105.jpg,43.12447817,-79.2076624,2025-11-29 21:15:32+00:00,minor_issue,crack,south
frame_0106.jpg,43.12441675,-79.2078144,2025-11-29 21:15:35+00:00,minor_issue,crack,south
frame_0107.jpg,43.12442205,-79.20798669,2025-11-29 21:15:37+00:00,minor_issue,crack,south
frame_0108.jpg,43.12442055,-79.20835895,2025-11-29 21:15:41+00:00,minor_issue,crack,south
frame_0109.jpg,43.12440928,-79.20852807,2025-11-29 21:15:43+00:00,minor_issue,crack,south
frame_0110.jpg,43.12441732,-79.20883339,2025-11-29 21:15:47+00:00,minor_issue,crack,south
frame_0111.jpg,43.12440523,-79.20898777,2025-11-29 21:15:49+00:00,minor_issue,crack,east
frame_0112.jpg,43.12441268,-79.20941267,2025-11-29 21:15:53+00:00,minor_issue,crack,east
frame_0113.jpg,43.12441233,-79.20961895,2025-11-29 21:15:55+00:00,minor_issue,crack,east
frame_0114.jpg,43.12439673,-79.209802,2025-11-29 21:15:57+00:00,minor_issue,crack,east
frame_0115.jpg,43.12441244,-79.20993993,2025-11-29 21:16:00+00:00,minor_issue,crack,east
frame_0116.jpg,43.12452305,-79.2099408,2025-11-29 21:16:04+00:00,minor_issue,crack,east
frame_0117.jpg,43.12471518,-79.20994051,2025-11-29 21:16:08+00:00,minor_issue,crack,south
frame_0118.jpg,43.12483098,-79.20994694,2025-11-29 21:16:10+00:00,minor_issue,crack,south
frame_0119.jpg,43.1250426,-79.20996154,2025-11-29 21:16:14+00:00,minor_issue,crack,south
frame_0120.jpg,43.1250426,-79.20996154,2025-11-29 21:16:14+00:00,safe,none,north
frame_0121.jpg,43.12514985,-79.20998047,2025-11-29 21:16:19+00:00,safe,none,north
frame_0122.jpg,43.12537356,-79.21000095,2025-11-29 21:16:23+00:00,minor_issue,crack,south
frame_0123.jpg,43.12553484,-79.21000637,2025-11-29 21:16:25+00:00,safe,none,north
frame_0124.jpg,43.12579763,-79.21002649,2025-11-29 21:16:28+00:00,safe,none,north
frame_0125.jpg,43.12608683,-79.21003897,2025-11-29 21:16:31+00:00,safe,none,north
frame_0126.jpg,43.1264258,-79.2100654,2025-11-29 21:16:35+00:00,safe,none,north
frame_0127.jpg,43.126523,-79.21006363,2025-11-29 21:16:38+00:00,minor_issue,crack,south
frame_0128.jpg,43.12663943,-79.21007575,2025-11-29 21:16:41+00:00,safe,none,north
frame_0129.jpg,43.12677172,-79.21008706,2025-11-29 21:16:43+00:00,minor_issue,crack,south
frame_0130.jpg,43.12711564,-79.21008931,2025-11-29 21:16:47+00:00,safe,none,north
frame_0131.jpg,43.12730793,-79.21009959,2025-11-29 21:16:49+00:00,minor_issue,crack,east
frame_0132.jpg,43.12757536,-79.2101136,2025-11-29 21:16:52+00:00,safe,none,north
frame_0133.jpg,43.12790548,-79.2101344,2025-11-29 21:16:56+00:00,minor_issue,crack,east
frame_0134.jpg,43.12808598,-79.21016814,2025-11-29 21:16:58+00:00,safe,none,north
frame_0135.jpg,43.12839586,-79.21016507,2025-11-29 21:17:02+00:00,minor_issue,crack,east
frame_0136.jpg,43.1285225,-79.21016594,2025-11-29 21:17:04+00:00,minor_issue,crack,east
frame_0137.jpg,43.12852451,-79.21003008,2025-11-29 21:17:09+00:00,minor_issue,crack,east
frame_0138.jpg,43.12852451,-79.21003008,2025-11-29 21:17:09+00:00,minor_issue,crack,west
frame_0139.jpg,43.12848209,-79.20979273,2025-11-29 21:17:14+00:00,minor_issue,crack,west
frame_0140.jpg,43.12837431,-79.20964946,2025-11-29 21:17:17+00:00,safe,none,north
frame_0141.jpg,43.12829291,-79.20946576,2025-11-29 21:17:20+00:00,safe,none,north
frame_0142.jpg,43.12822121,-79.20930311,2025-11-29 21:17:22+00:00,minor_issue,crack,south
frame_0143.jpg,43.12809697,-79.20891827,2025-11-29 21:17:26+00:00,major_problem,debris,south
frame_0144.jpg,43.12803916,-79.208722,2025-11-29 21:17:28+00:00,minor_issue,crack,south
frame_0145.jpg,43.12799413,-79.20830822,2025-11-29 21:17:32+00:00,minor_issue,crack,south
frame_0146.jpg,43.12798064,-79.20805982,2025-11-29 21:17:35+00:00,minor_issue,crack,south
frame_0147.jpg,43.12798064,-79.20805982,2025-11-29 21:17:35+00:00,minor_issue,crack,south
frame_0148.jpg,43.1279612,-79.20792309,2025-11-29 21:17:40+00:00,minor_issue,crack,south
frame_0149.jpg,43.12797215,-79.20755058,2025-11-29 21:17:44+00:00,minor_issue,crack,south
frame_0150.jpg,43.1279935,-79.20735323,2025-11-29 21:17:46+00:00,minor_issue,crack,south
frame_0151.jpg,43.12799483,-79.2072246,2025-11-29 21:17:48+00:00,minor_issue,crack,south
frame_0152.jpg,43.12799798,-79.20692158,2025-11-29 21:17:53+00:00,minor_issue,crack,south
frame_0153.jpg,43.12802493,-79.20679073,2025-11-29 21:17:55+00:00,minor_issue,crack,south
frame_0154.jpg,43.12801628,-79.20642093,2025-11-29 21:17:59+00:00,minor_issue,none,north
frame_0155.jpg,43.12802258,-79.20620285,2025-11-29 21:18:01+00:00,minor_issue,crack,south
frame_0156.jpg,43.12803361,-79.20577419,2025-11-29 21:18:05+00:00,safe,crack,south
frame_0157.jpg,43.12804021,-79.20556696,2025-11-29 21:18:07+00:00,minor_issue,crack,south
frame_0158.jpg,43.12804572,-79.20539398,2025-11-29 21:18:09+00:00,minor_issue,crack,south
frame_0159.jpg,43.1280172,-79.20524924,2025-11-29 21:18:16+00:00,minor_issue,crack,south
frame_0160.jpg,43.1280172,-79.20524924,2025-11-29 21:18:16+00:00,minor_issue,crack,south
frame_0161.jpg,43.12788321,-79.20525555,2025-11-29 21:18:19+00:00,safe,none,north
frame_0162.jpg,43.1276186,-79.20523247,2025-11-29 21:18:23+00:00,minor_issue,crack,south
frame_0163.jpg,43.12747471,-79.20521645,2025-11-29 21:18:25+00:00,minor_issue,crack,south
frame_0164.jpg,43.12715507,-79.20520495,2025-11-29 21:18:29+00:00,minor_issue,crack,south
frame_0165.jpg,43.12701134,-79.20521375,2025-11-29 21:18:31+00:00,major_problem,pothole,south
frame_0166.jpg,43.12690188,-79.20520944,2025-11-29 21:18:33+00:00,minor_issue,crack,east
frame_0167.jpg,43.12679845,-79.20522648,2025-11-29 21:18:38+00:00,minor_issue,crack,west
frame_0168.jpg,43.12676408,-79.20536136,2025-11-29 21:18:41+00:00,minor_issue,crack,east
frame_0169.jpg,43.12675912,-79.20549494,2025-11-29 21:18:43+00:00,minor_issue,crack,east
frame_0170.jpg,43.12676142,-79.20584696,2025-11-29 21:18:46+00:00,minor_issue,crack,east
frame_0171.jpg,43.12674797,-79.20619279,2025-11-29 21:18:50+00:00,minor_issue,crack,east
frame_0172.jpg,43.12674204,-79.20637015,2025-11-29 21:18:52+00:00,minor_issue,crack,east
frame_0173.jpg,43.12673763,-79.20652626,2025-11-29 21:18:54+00:00,safe,none,north
frame_0174.jpg,43.12669983,-79.20664202,2025-11-29 21:18:59+00:00,safe,none,north
frame_0175.jpg,43.12659851,-79.20665855,2025-11-29 21:19:03+00:00,safe,none,north
frame_0176.jpg,43.12650153,-79.20663026,2025-11-29 21:19:05+00:00,safe,none,north
frame_0177.jpg,43.12640262,-79.20662733,2025-11-29 21:19:07+00:00,safe,none,north
frame_0178.jpg,43.12617082,-79.20667123,2025-11-29 21:19:11+00:00,safe,none,north
frame_0179.jpg,43.12604506,-79.20666482,2025-11-29 21:19:13+00:00,safe,none,north
frame_0180.jpg,43.12591392,-79.20665812,2025-11-29 21:19:15+00:00,safe,none,north
frame_0181.jpg,43.12564969,-79.20664458,2025-11-29 21:19:20+00:00,safe,none,north
frame_0182.jpg,43.12554662,-79.20663084,2025-11-29 21:19:22+00:00,safe,none,north
frame_0183.jpg,43.12544862,-79.20664026,2025-11-29 21:19:25+00:00,minor_issue,crack,south
frame_0184.jpg,43.12539859,-79.2067723,2025-11-29 21:19:31+00:00,minor_issue,crack,south
frame_0185.jpg,43.12539859,-79.2067723,2025-11-29 21:19:31+00:00,minor_issue,crack,south
frame_0186.jpg,43.12539386,-79.20693292,2025-11-29 21:19:34+00:00,minor_issue,crack,south
frame_0187.jpg,43.12539397,-79.20730078,2025-11-29 21:19:38+00:00,minor_issue,crack,south
frame_0188.jpg,43.12538495,-79.20746383,2025-11-29 21:19:40+00:00,safe,none,north
frame_0189.jpg,43.12537132,-79.20761682,2025-11-29 21:19:42+00:00,safe,none,north
frame_0190.jpg,43.12535543,-79.20778188,2025-11-29 21:19:47+00:00,minor_issue,crack,south
frame_0191.jpg,43.12536105,-79.20795659,2025-11-29 21:19:49+00:00,minor_issue,crack,south
frame_0192.jpg,43.12534829,-79.20830941,2025-11-29 21:19:52+00:00,safe,none,north
frame_0193.jpg,43.12533767,-79.20871167,2025-11-29 21:19:55+00:00,minor_issue,crack,south
frame_0194.jpg,43.12532193,-79.20919232,2025-11-29 21:19:58+00:00,minor_issue,crack,south
frame_0195.jpg,43.12531053,-79.20967013,2025-11-29 21:20:01+00:00,minor_issue,crack,south
frame_0196.jpg,43.12530573,-79.20986858,2025-11-29 21:20:03+00:00,safe,none,north
frame_0197.jpg,43.12528898,-79.21002536,2025-11-29 21:20:09+00:00,safe,none,north
frame_0198.jpg,43.12528515,-79.2101629,2025-11-29 21:20:11+00:00,safe,none,north
frame_0199.jpg,43.12528524,-79.21035039,2025-11-29 21:20:13+00:00,safe,none,north
frame_0200.jpg,43.12528175,-79.21072136,2025-11-29 21:20:17+00:00,safe,none,north
frame_0201.jpg,43.12528253,-79.21090473,2025-11-29 21:20:19+00:00,safe,none,north
frame_0202.jpg,43.12529821,-79.21104762,2025-11-29 21:20:22+00:00,safe,none,north
frame_0203.jpg,43.12532002,-79.21121873,2025-11-29 21:20:26+00:00,safe,none,north
frame_0204.jpg,43.12535766,-79.21139463,2025-11-29 21:20:28+00:00,safe,none,north
frame_0205.jpg,43.12548018,-79.21178292,2025-11-29 21:20:32+00:00,safe,none,north
frame_0206.jpg,43.12557159,-79.21198223,2025-11-29 21:20:34+00:00,safe,none,north
frame_0207.jpg,43.12576286,-79.21235614,2025-11-29 21:20:38+00:00,safe,none,north
frame_0208.jpg,43.12586879,-79.21251571,2025-11-29 21:20:40+00:00,safe,none,north
frame_0209.jpg,43.12602509,-79.21277916,2025-11-29 21:20:44+00:00,safe,none,north
frame_0210.jpg,43.12609553,-79.21290245,2025-11-29 21:20:46+00:00,safe,none,north
frame_0211.jpg,43.12613923,-79.21301438,2025-11-29 21:20:49+00:00,safe,none,north
frame_0212.jpg,43.12627326,-79.21330783,2025-11-29 21:20:53+00:00,safe,none,north
frame_0213.jpg,43.12631809,-79.21350679,2025-11-29 21:20:55+00:00,safe,none,north
frame_0214.jpg,43.1264053,-79.21395984,2025-11-29 21:20:59+00:00,safe,none,north
frame_0215.jpg,43.12644625,-79.21416745,2025-11-29 21:21:01+00:00,safe,none,north
frame_0216.jpg,43.12647495,-79.21457071,2025-11-29 21:21:05+00:00,safe,none,north
frame_0217.jpg,43.12646345,-79.21480356,2025-11-29 21:21:07+00:00,safe,none,north
frame_0218.jpg,43.12645168,-79.21523999,2025-11-29 21:21:11+00:00,safe,none,north
frame_0219.jpg,43.12645667,-79.21538117,2025-11-29 21:21:13+00:00,safe,none,north
frame_0220.jpg,43.12645667,-79.21538117,2025-11-29 21:21:13+00:00,safe,none,north
frame_0221.jpg,43.12643879,-79.21551141,2025-11-29 21:21:25+00:00,safe,none,north
frame_0222.jpg,43.12643879,-79.21551141,2025-11-29 21:21:25+00:00,safe,none,north
frame_0223.jpg,43.12643879,-79.21551141,2025-11-29 21:21:25+00:00,safe,none,north
frame_0224.jpg,43.12633214,-79.21551753,2025-11-29 21:21:27+00:00,safe,none,north
frame_0225.jpg,43.12605717,-79.21552731,2025-11-29 21:21:32+00:00,safe,none,north
frame_0226.jpg,43.12590198,-79.21550817,2025-11-29 21:21:34+00:00,safe,none,north
frame_0227.jpg,43.12564725,-79.21550381,2025-11-29 21:21:38+00:00,safe,none,north
frame_0228.jpg,43.12564725,-79.21550381,2025-11-29 21:21:38+00:00,safe,none,north
frame_0229.jpg,43.12555884,-79.21542204,2025-11-29 21:21:44+00:00,safe,none,north
frame_0230.jpg,43.12556282,-79.21529723,2025-11-29 21:21:48+00:00,safe,none,north
frame_0231.jpg,43.12556957,-79.21515302,2025-11-29 21:21:50+00:00,safe,none,north
frame_0232.jpg,43.12558849,-79.21499201,2025-11-29 21:21:52+00:00,major_problem,construction,south
frame_0233.jpg,43.12555304,-79.21461497,2025-11-29 21:21:56+00:00,safe,none,north
frame_0234.jpg,43.12554484,-79.21448215,2025-11-29 21:21:59+00:00,safe,none,north
frame_0235.jpg,43.12546277,-79.21443133,2025-11-29 21:22:01+00:00,safe,none,north
frame_0236.jpg,43.12523454,-79.2144692,2025-11-29 21:22:05+00:00,safe,none,north
frame_0237.jpg,43.12508768,-79.21444796,2025-11-29 21:22:07+00:00,safe,none,north
frame_0238.jpg,43.12482294,-79.21444661,2025-11-29 21:22:10+00:00,minor_issue,crack,south
frame_0239.jpg,43.12451803,-79.21443836,2025-11-29 21:22:14+00:00,minor_issue,crack,south
frame_0240.jpg,43.12437453,-79.21444598,2025-11-29 21:22:16+00:00,minor_issue,crack,south
frame_0241.jpg,43.12413527,-79.21442565,2025-11-29 21:22:19+00:00,minor_issue,crack,south
frame_0242.jpg,43.1239334,-79.21441921,2025-11-29 21:22:23+00:00,minor_issue,crack,south
frame_0243.jpg,43.12384236,-79.21443065,2025-11-29 21:22:25+00:00,minor_issue,crack,south
frame_0244.jpg,43.12374904,-79.21442515,2025-11-29 21:22:27+00:00,minor_issue,crack,south
frame_0245.jpg,43.12363387,-79.21442484,2025-11-29 21:22:30+00:00,minor_issue,crack,south
frame_0246.jpg,43.12359934,-79.21424144,2025-11-29 21:22:36+00:00,minor_issue,crack,south
frame_0247.jpg,43.12359934,-79.21424144,2025-11-29 21:22:36+00:00,minor_issue,crack,south
frame_0248.jpg,43.12360881,-79.21409053,2025-11-29 21:22:39+00:00,minor_issue,crack,south
frame_0249.jpg,43.1235944,-79.21394313,2025-11-29 21:22:42+00:00,minor_issue,crack,south
frame_0250.jpg,43.12359653,-79.21375916,2025-11-29 21:22:45+00:00,minor_issue,crack,south
frame_0251.jpg,43.1235985,-79.21358975,2025-11-29 21:22:48+00:00,minor_issue,crack,south
frame_0252.jpg,43.12361844,-79.21327375,2025-11-29 21:22:53+00:00,minor_issue,crack,south
frame_0253.jpg,43.12361738,-79.21313144,2025-11-29 21:22:55+00:00,minor_issue,crack,south
frame_0254.jpg,43.12360626,-79.21278199,2025-11-29 21:22:58+00:00,minor_issue,crack,south
frame_0255.jpg,43.12362011,-79.21243943,2025-11-29 21:23:02+00:00,minor_issue,crack,south
frame_0256.jpg,43.12362143,-79.21224278,2025-11-29 21:23:04+00:00,minor_issue,crack,south
frame_0257.jpg,43.12360805,-79.21185128,2025-11-29 21:23:08+00:00,minor_issue,crack,south
frame_0258.jpg,43.12362139,-79.21164096,2025-11-29 21:23:10+00:00,minor_issue,crack,south
frame_0259.jpg,43.12361426,-79.21123719,2025-11-29 21:23:14+00:00,minor_issue,crack,south
frame_0260.jpg,43.12359934,-79.21101438,2025-11-29 21:23:16+00:00,minor_issue,crack,south
frame_0261.jpg,43.12354394,-79.2105652,2025-11-29 21:23:20+00:00,minor_issue,crack,south
frame_0262.jpg,43.12352303,-79.21032879,2025-11-29 21:23:23+00:00,minor_issue,crack,east
frame_0263.jpg,43.12350669,-79.21011947,2025-11-29 21:23:25+00:00,minor_issue,crack,east
frame_0264.jpg,43.12350237,-79.20998099,2025-11-29 21:23:27+00:00,minor_issue,crack,east
frame_0265.jpg,43.12351768,-79.20981061,2025-11-29 21:23:32+00:00,minor_issue,crack,east
frame_0266.jpg,43.12351748,-79.20968098,2025-11-29 21:23:34+00:00,minor_issue,crack,east
frame_0267.jpg,43.12351887,-79.20926792,2025-11-29 21:23:38+00:00,minor_issue,crack,east
frame_0268.jpg,43.12351972,-79.20906815,2025-11-29 21:23:40+00:00,minor_issue,crack,east
frame_0269.jpg,43.12352152,-79.20864834,2025-11-29 21:23:44+00:00,minor_issue,crack,east
frame_0270.jpg,43.12352985,-79.20843351,2025-11-29 21:23:46+00:00,minor_issue,crack,east
frame_0271.jpg,43.12353441,-79.20808539,2025-11-29 21:23:50+00:00,minor_issue,crack,east
frame_0272.jpg,43.12352275,-79.20792102,2025-11-29 21:23:52+00:00,minor_issue,crack,east
frame_0273.jpg,43.12350544,-79.20776664,2025-11-29 21:23:54+00:00,minor_issue,crack,east
frame_0274.jpg,43.12351102,-79.20762005,2025-11-29 21:23:59+00:00,minor_issue,crack,east
frame_0275.jpg,43.12351102,-79.20762005,2025-11-29 21:23:59+00:00,minor_issue,crack,east
frame_0276.jpg,43.12364597,-79.20760619,2025-11-29 21:24:06+00:00,minor_issue,crack,east
frame_0277.jpg,43.12374283,-79.20759012,2025-11-29 21:24:08+00:00,minor_issue,crack,east
frame_0278.jpg,43.12385934,-79.20761248,2025-11-29 21:24:10+00:00,minor_issue,crack,east
frame_0279.jpg,43.1241164,-79.20760224,2025-11-29 21:24:14+00:00,minor_issue,crack,east
frame_0280.jpg,43.12424094,-79.20761812,2025-11-29 21:24:16+00:00,minor_issue,crack,east
frame_0281.jpg,43.12436089,-79.20761166,2025-11-29 21:24:21+00:00,minor_issue,crack,east
frame_0282.jpg,43.12446049,-79.2076592,2025-11-29 21:24:23+00:00,major_problem,debris,east
frame_0283.jpg,43.12457373,-79.20771645,2025-11-29 21:24:25+00:00,minor_issue,crack,east
frame_0284.jpg,43.12481041,-79.20776366,2025-11-29 21:24:29+00:00,minor_issue,crack,east
frame_0285.jpg,43.12492893,-79.20776791,2025-11-29 21:24:31+00:00,minor_issue,crack,east
frame_0286.jpg,43.12514839,-79.20777605,2025-11-29 21:24:35+00:00,minor_issue,crack,east
frame_0287.jpg,43.12514839,-79.20777605,2025-11-29 21:24:35+00:00,minor_issue,crack,east
frame_0288.jpg,43.12527727,-79.20776708,2025-11-29 21:24:40+00:00,safe,none,north
frame_0289.jpg,43.12553539,-79.20778519,2025-11-29 21:24:44+00:00,safe,none,north
frame_0290.jpg,43.12569034,-79.20779005,2025-11-29 21:24:46+00:00,minor_issue,crack,south
frame_0291.jpg,43.12600506,-79.20780093,2025-11-29 21:24:50+00:00,minor_issue,crack,south
frame_0292.jpg,43.12616786,-79.20780684,2025-11-29 21:24:52+00:00,minor_issue,crack,south
frame_0293.jpg,43.12648342,-79.20782122,2025-11-29 21:24:56+00:00,minor_issue,crack,south
frame_0294.jpg,43.12658071,-79.20782678,2025-11-29 21:24:58+00:00,minor_issue,crack,south
frame_0295.jpg,43.12669546,-79.20783155,2025-11-29 21:25:02+00:00,minor_issue,crack,south
frame_0296.jpg,43.12681152,-79.20783855,2025-11-29 21:25:04+00:00,minor_issue,crack,south
frame_0297.jpg,43.12712258,-79.20786163,2025-11-29 21:25:08+00:00,minor_issue,crack,south
frame_0298.jpg,43.1272948,-79.20788134,2025-11-29 21:25:10+00:00,minor_issue,crack,south
frame_0299.jpg,43.12765577,-79.20790715,2025-11-29 21:25:14+00:00,safe,none,north
frame_0300.jpg,43.12774599,-79.20789029,2025-11-29 21:25:16+00:00,minor_issue,crack,east
frame_0301.jpg,43.12787093,-79.20786676,2025-11-29 21:25:18+00:00,minor_issue,crack,south
frame_0302.jpg,43.12799845,-79.20787336,2025-11-29 21:25:23+00:00,minor_issue,crack,east
frame_0303.jpg,43.12812247,-79.20788473,2025-11-29 21:25:25+00:00,minor_issue,crack,east
frame_0304.jpg,43.12838017,-79.20791102,2025-11-29 21:25:28+00:00,minor_issue,crack,east
frame_0305.jpg,43.12868779,-79.20792896,2025-11-29 21:25:31+00:00,minor_issue,crack,east
frame_0306.jpg,43.12896053,-79.20793662,2025-11-29 21:25:34+00:00,minor_issue,crack,east
frame_0307.jpg,43.11685554,-79.21523368,2025-11-29 21:03:28+00:00,major_problem,debris,east
frame_0308.jpg,43.11685944,-79.21523485,2025-11-29 21:03:29+00:00,minor_issue,crack,east
frame_0309.jpg,43.11685944,-79.21523485,2025-11-29 21:03:29+00:00,minor_issue,crack,east
frame_0310.jpg,43.1169904,-79.21522898,2025-11-29 21:03:42+00:00,minor_issue,crack,east
frame_0311.jpg,43.1169904,-79.21522898,2025-11-29 21:03:42+00:00,minor_issue,crack,east
frame_0312.jpg,43.11713091,-79.21523179,2025-11-29 21:03:44+00:00,safe,none,north
frame_0313.jpg,43.11728796,-79.21522646,2025-11-29 21:03:46+00:00,safe,none,north
frame_0314.jpg,43.11757695,-79.21524084,2025-11-29 21:03:49+00:00,safe,none,north
frame_0315.jpg,43.11792166,-79.21525756,2025-11-29 21:03:52+00:00,safe,none,north
frame_0316.jpg,43.11830847,-79.21527029,2025-11-29 21:03:55+00:00,safe,none,north
frame_0317.jpg,43.11866064,-79.21529151,2025-11-29 21:03:58+00:00,safe,none,north
frame_0318.jpg,43.1189901,-79.21529393,2025-11-29 21:04:01+00:00,safe,none,north
frame_0319.jpg,43.11926822,-79.21529446,2025-11-29 21:04:04+00:00,safe,none,north
frame_0320.jpg,43.11959998,-79.21531082,2025-11-29 21:04:08+00:00,safe,none,north
frame_0321.jpg,43.11969885,-79.21531284,2025-11-29 21:04:10+00:00,safe,none,north
frame_0322.jpg,43.11969885,-79.21531284,2025-11-29 21:04:10+00:00,safe,none,north
frame_0323.jpg,43.11978982,-79.21531468,2025-11-29 21:04:18+00:00,safe,none,north
frame_0324.jpg,43.11978982,-79.21531468,2025-11-29 21:04:18+00:00,safe,none,north
frame_0325.jpg,43.11988516,-79.21532552,2025-11-29 21:04:23+00:00,safe,none,north
frame_0326.jpg,43.11988516,-79.21532552,2025-11-29 21:04:23+00:00,safe,none,north
frame_0327.jpg,43.11988516,-79.21532552,2025-11-29 21:04:23+00:00,major_problem,construction,east
frame_0328.jpg,43.11988516,-79.21532552,2025-11-29 21:04:23+00:00,major_problem,construction,east
frame_0329.jpg,43.11997795,-79.21533358,2025-11-29 21:04:42+00:00,major_problem,construction,east
frame_0330.jpg,43.11997795,-79.21533358,2025-11-29 21:04:42+00:00,major_problem,construction,east
frame_0331.jpg,43.11997795,-79.21533358,2025-11-29 21:04:42+00:00,major_problem,none,north
frame_0332.jpg,43.11997795,-79.21533358,2025-11-29 21:04:42+00:00,safe,none,north
frame_0333.jpg,43.11997795,-79.21533358,2025-11-29 21:04:42+00:00,safe,none,north
frame_0334.jpg,43.11997795,-79.21533358,2025-11-29 21:04:42+00:00,safe,none,north
frame_0335.jpg,43.11997795,-79.21533358,2025-11-29 21:04:42+00:00,safe,none,north
frame_0336.jpg,43.12005693,-79.2152518,2025-11-29 21:05:05+00:00,safe,none,north
frame_0337.jpg,43.11757824,-79.20233214,2025-11-29 21:37:08+00:00,safe,none,north
frame_0338.jpg,43.11757643,-79.20232176,2025-11-29 21:37:09+00:00,safe,none,north
frame_0339.jpg,43.11757643,-79.20232176,2025-11-29 21:37:09+00:00,safe,none,north
frame_0340.jpg,43.11757643,-79.20232176,2025-11-29 21:37:09+00:00,safe,none,north
frame_0341.jpg,43.11757643,-79.20232176,2025-11-29 21:37:09+00:00,safe,none,north
frame_0342.jpg,43.11759987,-79.2024611,2025-11-29 21:37:37+00:00,safe,none,north
frame_0343.jpg,43.11759987,-79.2024611,2025-11-29 21:37:37+00:00,safe,none,north
frame_0344.jpg,43.11759987,-79.2024611,2025-11-29 21:37:37+00:00,safe,none,north
frame_0345.jpg,43.11759987,-79.2024611,2025-11-29 21:37:37+00:00,safe,crack,south
frame_0346.jpg,43.11759987,-79.2024611,2025-11-29 21:37:37+00:00,minor_issue,crack,south
frame_0347.jpg,43.11759157,-79.20261569,2025-11-29 21:37:39+00:00,minor_issue,crack,south
frame_0348.jpg,43.11758306,-79.2028426,2025-11-29 21:37:41+00:00,minor_issue,crack,south
frame_0349.jpg,43.11755616,-79.20330316,2025-11-29 21:37:44+00:00,minor_issue,crack,south
frame_0350.jpg,43.11753843,-79.20380682,2025-11-29 21:37:47+00:00,minor_issue,crack,north
frame_0351.jpg,43.11752474,-79.20431527,2025-11-29 21:37:50+00:00,safe,none,north
frame_0352.jpg,43.11750762,-79.20480904,2025-11-29 21:37:53+00:00,safe,none,north
frame_0353.jpg,43.11749086,-79.20530662,2025-11-29 21:37:56+00:00,safe,none,north
frame_0354.jpg,43.11747526,-79.20582348,2025-11-29 21:37:59+00:00,safe,none,north
frame_0355.jpg,43.11746171,-79.20635836,2025-11-29 21:38:02+00:00,safe,none,north
frame_0356.jpg,43.11744448,-79.20688259,2025-11-29 21:38:05+00:00,safe,none,north
frame_0357.jpg,43.11743249,-79.20743748,2025-11-29 21:38:08+00:00,safe,none,north
frame_0358.jpg,43.11740547,-79.20806982,2025-11-29 21:38:11+00:00,major_problem,crack,south
frame_0359.jpg,43.11740112,-79.2087178,2025-11-29 21:38:14+00:00,major_problem,crack,south
frame_0360.jpg,43.11738817,-79.20931195,2025-11-29 21:38:17+00:00,major_problem,crack,south
frame_0361.jpg,43.11736295,-79.20976493,2025-11-29 21:38:20+00:00,major_problem,crack,south
frame_0362.jpg,43.11734136,-79.21016765,2025-11-29 21:38:23+00:00,major_problem,crack,south
frame_0363.jpg,43.11732667,-79.21065952,2025-11-29 21:38:26+00:00,major_problem,crack,south
frame_0364.jpg,43.11731579,-79.21113592,2025-11-29 21:38:29+00:00,major_problem,crack,south
frame_0365.jpg,43.11731299,-79.21155977,2025-11-29 21:38:32+00:00,major_problem,crack,south
frame_0366.jpg,43.11731689,-79.21197646,2025-11-29 21:38:36+00:00,major_problem,crack,south
frame_0367.jpg,43.11732011,-79.21210593,2025-11-29 21:38:40+00:00,major_problem,crack,south
frame_0368.jpg,43.11732011,-79.21210593,2025-11-29 21:38:40+00:00,major_problem,crack,south
frame_0369.jpg,43.11731611,-79.21223032,2025-11-29 21:38:44+00:00,minor_issue,crack,south
frame_0370.jpg,43.11732174,-79.21236836,2025-11-29 21:38:49+00:00,minor_issue,crack,south
frame_0371.jpg,43.11732174,-79.21236836,2025-11-29 21:38:49+00:00,minor_issue,crack,south
frame_0372.jpg,43.11743538,-79.2124526,2025-11-29 21:38:53+00:00,minor_issue,crack,south
frame_0373.jpg,43.11770036,-79.21246255,2025-11-29 21:38:57+00:00,minor_issue,crack,south
frame_0374.jpg,43.11787491,-79.21245425,2025-11-29 21:38:59+00:00,minor_issue,crack,south
frame_0375.jpg,43.11802338,-79.2124575,2025-11-29 21:39:01+00:00,minor_issue,crack,east
frame_0376.jpg,43.11811808,-79.21225937,2025-11-29 21:39:06+00:00,minor_issue,crack,east
frame_0377.jpg,43.11812337,-79.21206851,2025-11-29 21:39:08+00:00,minor_issue,crack,east
frame_0378.jpg,43.11813725,-79.21163435,2025-11-29 21:39:11+00:00,minor_issue,crack,east
frame_0379.jpg,43.11815305,-79.21116721,2025-11-29 21:39:14+00:00,minor_issue,crack,east
frame_0380.jpg,43.118175,-79.21065055,2025-11-29 21:39:17+00:00,minor_issue,crack,east
frame_0381.jpg,43.1181828,-79.21011175,2025-11-29 21:39:20+00:00,minor_issue,crack,east
frame_0382.jpg,43.11820349,-79.20956574,2025-11-29 21:39:23+00:00,minor_issue,crack,east
frame_0383.jpg,43.11820247,-79.20921709,2025-11-29 21:39:26+00:00,minor_issue,crack,east
frame_0384.jpg,43.11821921,-79.20871189,2025-11-29 21:39:29+00:00,minor_issue,crack,east
frame_0385.jpg,43.1182526,-79.20823203,2025-11-29 21:39:32+00:00,minor_issue,crack,east
frame_0386.jpg,43.11824376,-79.20772496,2025-11-29 21:39:35+00:00,minor_issue,crack,east
frame_0387.jpg,43.11825292,-79.20723434,2025-11-29 21:39:38+00:00,minor_issue,crack,east
frame_0388.jpg,43.11826996,-79.2068872,2025-11-29 21:39:41+00:00,minor_issue,crack,east
frame_0389.jpg,43.11827737,-79.20670727,2025-11-29 21:39:46+00:00,minor_issue,crack,east
frame_0390.jpg,43.11827815,-79.20649132,2025-11-29 21:39:48+00:00,minor_issue,crack,east
frame_0391.jpg,43.11828484,-79.20624682,2025-11-29 21:39:50+00:00,minor_issue,crack,east
frame_0392.jpg,43.11829095,-79.20586831,2025-11-29 21:39:53+00:00,minor_issue,crack,east
frame_0393.jpg,43.11830018,-79.2052823,2025-11-29 21:39:57+00:00,minor_issue,crack,east
frame_0394.jpg,43.11831691,-79.20507665,2025-11-29 21:39:59+00:00,minor_issue,crack,east
frame_0395.jpg,43.11831332,-79.20490644,2025-11-29 21:40:02+00:00,minor_issue,crack,east
frame_0396.jpg,43.11844993,-79.20484113,2025-11-29 21:40:05+00:00,minor_issue,crack,east
frame_0397.jpg,43.11870171,-79.20488587,2025-11-29 21:40:08+00:00,minor_issue,crack,east
frame_0398.jpg,43.11900806,-79.20489663,2025-11-29 21:40:11+00:00,minor_issue,crack,east
frame_0399.jpg,43.11915206,-79.20486598,2025-11-29 21:40:13+00:00,minor_issue,crack,east
frame_0400.jpg,43.11925615,-79.20487114,2025-11-29 21:40:16+00:00,minor_issue,crack,east
frame_0401.jpg,43.11934039,-79.20510331,2025-11-29 21:40:20+00:00,minor_issue,crack,east
frame_0402.jpg,43.11933304,-79.20552784,2025-11-29 21:40:24+00:00,safe,none,north
frame_0403.jpg,43.11932896,-79.20578993,2025-11-29 21:40:26+00:00,safe,none,north
frame_0404.jpg,43.11933913,-79.20617642,2025-11-29 21:40:29+00:00,minor_issue,crack,south
frame_0405.jpg,43.1193077,-79.20657708,2025-11-29 21:40:32+00:00,minor_issue,crack,south
frame_0406.jpg,43.11932175,-79.20672156,2025-11-29 21:40:34+00:00,minor_issue,crack,south
frame_0407.jpg,43.11931444,-79.2068467,2025-11-29 21:40:38+00:00,minor_issue,crack,south
frame_0408.jpg,43.1192861,-79.20724585,2025-11-29 21:40:42+00:00,minor_issue,crack,south
frame_0409.jpg,43.11928429,-79.20755346,2025-11-29 21:40:44+00:00,minor_issue,crack,south
frame_0410.jpg,43.11927026,-79.20800185,2025-11-29 21:40:47+00:00,minor_issue,crack,east
frame_0411.jpg,43.11927195,-79.20845943,2025-11-29 21:40:50+00:00,minor_issue,crack,east
frame_0412.jpg,43.11929215,-79.20865532,2025-11-29 21:40:52+00:00,minor_issue,crack,east
frame_0413.jpg,43.11929046,-79.20880428,2025-11-29 21:40:57+00:00,minor_issue,crack,east
frame_0414.jpg,43.11928777,-79.20898963,2025-11-29 21:40:59+00:00,minor_issue,crack,east
frame_0415.jpg,43.11927154,-79.20939083,2025-11-29 21:41:02+00:00,minor_issue,crack,east
frame_0416.jpg,43.1192708,-79.20982799,2025-11-29 21:41:05+00:00,minor_issue,crack,east
frame_0417.jpg,43.11924747,-79.21024009,2025-11-29 21:41:08+00:00,minor_issue,crack,east
frame_0418.jpg,43.1192457,-79.21082027,2025-11-29 21:41:11+00:00,minor_issue,crack,east
frame_0419.jpg,43.11923783,-79.211324,2025-11-29 21:41:15+00:00,minor_issue,crack,north
frame_0420.jpg,43.11922504,-79.21152359,2025-11-29 21:41:17+00:00,safe,none,north
frame_0421.jpg,43.11921244,-79.21167402,2025-11-29 21:41:19+00:00,safe,none,north
frame_0422.jpg,43.11906985,-79.21179423,2025-11-29 21:41:23+00:00,safe,none,north
frame_0423.jpg,43.11875352,-79.21178216,2025-11-29 21:41:27+00:00,safe,none,south
frame_0424.jpg,43.11856207,-79.2117798,2025-11-29 21:41:29+00:00,minor_issue,crack,east
frame_0425.jpg,43.1182886,-79.21177559,2025-11-29 21:41:32+00:00,minor_issue,crack,east
frame_0426.jpg,43.11819659,-79.21179641,2025-11-29 21:41:36+00:00,minor_issue,crack,east
frame_0427.jpg,43.11816085,-79.21193518,2025-11-29 21:41:40+00:00,minor_issue,crack,east
frame_0428.jpg,43.11815026,-79.2121146,2025-11-29 21:41:42+00:00,minor_issue,crack,south
frame_0429.jpg,43.11815734,-79.21236623,2025-11-29 21:41:44+00:00,minor_issue,crack,east
frame_0430.jpg,43.118146,-79.21279116,2025-11-29 21:41:47+00:00,minor_issue,crack,east
frame_0431.jpg,43.11814089,-79.21311451,2025-11-29 21:41:50+00:00,minor_issue,crack,east
frame_0432.jpg,43.11811622,-79.21356058,2025-11-29 21:41:53+00:00,minor_issue,crack,east
frame_0433.jpg,43.11811629,-79.21392802,2025-11-29 21:41:56+00:00,minor_issue,crack,east
frame_0434.jpg,43.1181436,-79.21408557,2025-11-29 21:41:58+00:00,minor_issue,crack,east
frame_0435.jpg,43.1184288,-79.21409088,2025-11-29 21:42:03+00:00,minor_issue,crack,east
frame_0436.jpg,43.11864729,-79.21408483,2025-11-29 21:42:05+00:00,minor_issue,crack,east
frame_0437.jpg,43.11892967,-79.21408079,2025-11-29 21:42:08+00:00,minor_issue,crack,east
frame_0438.jpg,43.11913818,-79.2140749,2025-11-29 21:42:12+00:00,minor_issue,crack,east
frame_0439.jpg,43.11914985,-79.21390429,2025-11-29 21:42:16+00:00,minor_issue,crack,east
frame_0440.jpg,43.11914506,-79.21369092,2025-11-29 21:42:18+00:00,minor_issue,crack,east
frame_0441.jpg,43.1191369,-79.21342007,2025-11-29 21:42:20+00:00,minor_issue,crack,east
frame_0442.jpg,43.11916635,-79.21293421,2025-11-29 21:42:24+00:00,minor_issue,crack,east
frame_0443.jpg,43.11922051,-79.21283057,2025-11-29 21:42:27+00:00,minor_issue,crack,east
frame_0444.jpg,43.11934634,-79.21285838,2025-11-29 21:42:30+00:00,minor_issue,crack,east
frame_0445.jpg,43.11946798,-79.21286589,2025-11-29 21:42:32+00:00,minor_issue,crack,east
frame_0446.jpg,43.1197898,-79.2128313,2025-11-29 21:42:36+00:00,minor_issue,crack,east
frame_0447.jpg,43.11995154,-79.21284076,2025-11-29 21:42:38+00:00,minor_issue,crack,east
frame_0448.jpg,43.12005799,-79.21285079,2025-11-29 21:42:41+00:00,minor_issue,crack,east
frame_0449.jpg,43.12005799,-79.21285079,2025-11-29 21:42:41+00:00,minor_issue,crack,east
frame_0450.jpg,43.12011807,-79.21270744,2025-11-29 21:42:52+00:00,minor_issue,crack,east
frame_0451.jpg,43.12011807,-79.21270744,2025-11-29 21:42:52+00:00,minor_issue,crack,east
frame_0452.jpg,43.12011807,-79.21270744,2025-11-29 21:42:52+00:00,minor_issue,crack,east
frame_0453.jpg,43.12011458,-79.21236429,2025-11-29 21:42:57+00:00,minor_issue,crack,east
frame_0454.jpg,43.12012185,-79.21217704,2025-11-29 21:42:59+00:00,minor_issue,crack,east
frame_0455.jpg,43.12013653,-79.21173174,2025-11-29 21:43:03+00:00,minor_issue,crack,east
frame_0456.jpg,43.12014638,-79.21147954,2025-11-29 21:43:05+00:00,minor_issue,crack,east
frame_0457.jpg,43.12015749,-79.21108241,2025-11-29 21:43:08+00:00,minor_issue,crack,east
frame_0458.jpg,43.12016748,-79.21065636,2025-11-29 21:43:11+00:00,minor_issue,crack,east
frame_0459.jpg,43.1201653,-79.21021731,2025-11-29 21:43:14+00:00,minor_issue,crack,east
frame_0460.jpg,43.12016985,-79.20964469,2025-11-29 21:43:17+00:00,minor_issue,pothole,south
frame_0461.jpg,43.12018369,-79.20925835,2025-11-29 21:43:20+00:00,minor_issue,crack,south
frame_0462.jpg,43.12018522,-79.20892915,2025-11-29 21:43:24+00:00,safe,none,north
frame_0463.jpg,43.12019481,-79.20875217,2025-11-29 21:43:27+00:00,safe,crack,east
frame_0464.jpg,43.12019654,-79.20855051,2025-11-29 21:43:29+00:00,major_problem,pothole,south
frame_0465.jpg,43.1202048,-79.20815161,2025-11-29 21:43:32+00:00,minor_issue,crack,south
frame_0466.jpg,43.12019852,-79.20770669,2025-11-29 21:43:35+00:00,minor_issue,crack,south
frame_0467.jpg,43.12020414,-79.20721837,2025-11-29 21:43:39+00:00,minor_issue,crack,south
frame_0468.jpg,43.12020552,-79.20705359,2025-11-29 21:43:41+00:00,safe,none,north
frame_0469.jpg,43.12020725,-79.20690252,2025-11-29 21:43:44+00:00,safe,none,south
frame_0470.jpg,43.12021461,-79.20648148,2025-11-29 21:43:48+00:00,minor_issue,crack,south
frame_0471.jpg,43.12021147,-79.20620471,2025-11-29 21:43:50+00:00,safe,none,north
frame_0472.jpg,43.1202268,-79.20573383,2025-11-29 21:43:54+00:00,safe,none,north
frame_0473.jpg,43.12023485,-79.20541271,2025-11-29 21:43:56+00:00,safe,none,north
frame_0474.jpg,43.1202458,-79.2051121,2025-11-29 21:43:59+00:00,safe,none,north
frame_0475.jpg,43.12023301,-79.20497724,2025-11-29 21:44:02+00:00,safe,none,north
frame_0476.jpg,43.12037788,-79.20491225,2025-11-29 21:44:05+00:00,safe,none,north
frame_0477.jpg,43.12062176,-79.20493454,2025-11-29 21:44:09+00:00,safe,none,north
frame_0478.jpg,43.12075447,-79.20493083,2025-11-29 21:44:11+00:00,safe,crack,south
frame_0479.jpg,43.12103134,-79.20493353,2025-11-29 21:44:14+00:00,minor_issue,crack,south
frame_0480.jpg,43.12112463,-79.20494345,2025-11-29 21:44:16+00:00,minor_issue,crack,south
frame_0481.jpg,43.12119652,-79.20506552,2025-11-29 21:44:20+00:00,minor_issue,crack,south
frame_0482.jpg,43.127083,-79.215667,2025-11-29 21:45:50+00:00,safe,none,north
frame_0483.jpg,43.1269555,-79.2155998,2025-11-29 21:47:20+00:00,safe,none,north
frame_0484.jpg,43.1267692,-79.2155712,2025-11-29 21:48:50+00:00,safe,none,north
frame_0485.jpg,43.1265925,-79.2155521,2025-11-29 21:50:20+00:00,minor_issue,crack,north
frame_0486.jpg,43.1264124,-79.2155393,2025-11-29 21:51:50+00:00,minor_issue,crack,north
frame_0487.jpg,43.1260454,-79.2155238,2025-11-29 21:53:20+00:00,minor_issue,crack,north
frame_0488.jpg,43.1255742,-79.2155079,2025-11-29 21:54:50+00:00,minor_issue,crack,north
frame_0489.jpg,43.1253072,-79.2155085,2025-11-29 21:56:20+00:00,minor_issue,crack,north
frame_0490.jpg,43.1252178,-79.215504,2025-11-29 21:57:50+00:00,major_problem,crack,north
frame_0491.jpg,43.1251264,-79.2155005,2025-11-29 21:59:20+00:00,minor_issue,crack,north
frame_0492.jpg,43.1250316,-79.2154984,2025-11-29 22:00:50+00:00,safe,none,north
frame_0493.jpg,43.1247549,-79.2154898,2025-11-29 22:02:20+00:00,minor_issue,crack,north
frame_0494.jpg,43.1245733,-79.2154819,2025-11-29 22:03:50+00:00,minor_issue,crack,north
frame_0495.jpg,43.1243913,-79.2154724,2025-11-29 22:05:20+00:00,minor_issue,crack,north
frame_0496.jpg,43.1241178,-79.2154684,2025-11-29 22:06:50+00:00,minor_issue,crack,north
frame_0497.jpg,43.123574,-79.2154587,2025-11-29 22:08:20+00:00,major_problem,construction,north
frame_0498.jpg,43.1232982,-79.2154541,2025-11-29 22:09:50+00:00,minor_issue,crack,north
frame_0499.jpg,43.1229309,-79.2154434,2025-11-29 22:11:20+00:00,minor_issue,crack,north
frame_0500.jpg,43.1227448,-79.2154274,2025-11-29 22:12:50+00:00,minor_issue,crack,north
frame_0501.jpg,43.1226502,-79.2154338,2025-11-29 22:14:20+00:00,major_problem,pothole,north
frame_0502.jpg,43.1222881,-79.2154286,2025-11-29 22:15:50+00:00,minor_issue,crack,north
frame_0503.jpg,43.1220089,-79.2154235,2025-11-29 22:17:20+00:00,minor_issue,crack,north
frame_0504.jpg,43.1216398,-79.2154147,2025-11-29 22:18:50+00:00,minor_issue,crack,north
frame_0505.jpg,43.1209049,-79.2154046,2025-11-29 22:20:20+00:00,minor_issue,crack,north
frame_0506.jpg,43.1206318,-79.2154054,2025-11-29 22:21:50+00:00,minor_issue,crack,north
frame_0507.jpg,43.1201752,-79.215394,2025-11-29 22:23:20+00:00,minor_issue,crack,north
frame_0508.jpg,43.1200851,-79.2153915,2025-11-29 22:24:50+00:00,minor_issue,crack,north
frame_0509.jpg,43.1296547,-79.2053373,2025-11-29 22:26:20+00:00,safe,none,north
frame_0510.jpg,43.1297924,-79.2053294,2025-11-29 22:27:50+00:00,minor_issue,crack,south
frame_0511.jpg,43.1298744,-79.2053348,2025-11-29 22:29:20+00:00,safe,none,north
frame_0512.jpg,43.1301496,-79.2053529,2025-11-29 22:30:50+00:00,minor_issue,crack,south
frame_0513.jpg,43.1302371,-79.2053593,2025-11-29 22:32:20+00:00,major_problem,pothole,south
frame_0514.jpg,43.1296547,-79.2053373,2025-11-29 22:33:50+00:00,minor_issue,pothole,south
frame_0515.jpg,43.1293424,-79.2053188,2025-11-29 22:35:20+00:00,minor_issue,pothole,south
frame_0516.jpg,43.1249188,-79.2051278,2025-11-29 22:36:50+00:00,minor_issue,pothole,south
frame_0517.jpg,43.1250339,-79.2051259,2025-11-29 22:38:20+00:00,minor_issue,pothole,south
frame_0518.jpg,43.1253422,-79.2051372,2025-11-29 22:39:50+00:00,minor_issue,crack,north
frame_0519.jpg,43.1255243,-79.2051294,2025-11-29 22:41:20+00:00,minor_issue,crack,north
frame_0520.jpg,43.1248329,-79.2051767,2025-11-29 22:42:50+00:00,safe,none,south
frame_0521.jpg,43.1243608,-79.2051117,2025-11-29 22:44:20+00:00,safe,none,south
frame_0522.jpg,43.1242716,-79.2051078,2025-11-29 22:45:50+00:00,safe,none,south
frame_0523.jpg,43.1239927,-79.2050937,2025-11-29 22:47:20+00:00,safe,none,south
frame_0524.jpg,43.1236988,-79.2050648,2025-11-29 22:48:50+00:00,minor_issue,crack,south
frame_0525.jpg,43.123518,-79.2050612,2025-11-29 22:50:20+00:00,minor_issue,crack,south
frame_0526.jpg,43.123422,-79.2050584,2025-11-29 22:51:50+00:00,safe,none,north
frame_0527.jpg,43.1228827,-79.2050412,2025-11-29 22:53:20+00:00,safe,none,north
frame_0528.jpg,43.1226983,-79.2050325,2025-11-29 22:54:50+00:00,minor_issue,crack,south
frame_0529.jpg,43.122514,-79.2050249,2025-11-29 22:56:20+00:00,minor_issue,crack,south
frame_0530.jpg,43.1223279,-79.2050182,2025-11-29 22:57:50+00:00,minor_issue,crack,south
frame_0531.jpg,43.1219982,-79.2050003,2025-11-29 22:59:20+00:00,minor_issue,crack,east
frame_0532.jpg,43.1218146,-79.2049888,2025-11-29 23:00:50+00:00,minor_issue,crack,east
frame_0533.jpg,43.1216287,-79.2049798,2025-11-29 23:02:20+00:00,minor_issue,crack,west
frame_0534.jpg,43.1214494,-79.2049696,2025-11-29 23:03:50+00:00,minor_issue,crack,east
frame_0535.jpg,43.1212645,-79.2049618,2025-11-29 23:05:20+00:00,safe,none,north