epoch,time,train/box_loss,train/cls_loss,train/dfl_loss,metrics/precision(B),metrics/recall(B),metrics/mAP50(B),metrics/mAP50-95(B),val/box_loss,val/cls_loss,val/dfl_loss,lr/pg0,lr/pg1,lr/pg2
1,39.2983,3.01305,5.77134,1.99056,4e-05,0.00172,2e-05,0,2.60015,4.59648,1.84483,0.00025553,0.00025553,0.00025553
2,60.2418,2.69065,4.10967,1.74811,0.00026,0.01034,0.0018,0.00075,2.82471,4.51024,2.0502,0.000513554,0.000513554,0.000513554
3,80.9481,2.72851,3.86511,1.78488,0.00184,0.37069,0.01015,0.00279,2.72467,3.92715,1.95382,0.000762779,0.000762779,0.000762779
4,103.45,2.66504,3.55971,1.75157,0.86549,0.00862,0.02278,0.007,2.71733,3.29203,1.92935,0.00100321,0.00100321,0.00100321
5,125.992,2.59375,3.52261,1.65143,0.83893,0.03448,0.02236,0.00653,2.87309,2.98083,1.94341,0.00103767,0.00103767,0.00103767
6,147.73,2.60038,3.25774,1.71046,0.84562,0.02414,0.03817,0.00873,2.6997,2.66923,1.98609,0.00101934,0.00101934,0.00101934
7,171.671,2.60297,3.18645,1.67842,0.84638,0.04828,0.02818,0.00815,2.58897,2.57777,1.76841,0.00100101,0.00100101,0.00100101
8,196.91,2.58272,3.12616,1.67415,0.64363,0.03103,0.02121,0.00646,2.55154,2.6487,1.79021,0.000982679,0.000982679,0.000982679
9,219.097,2.47844,2.85653,1.70071,0.65822,0.09138,0.03114,0.00972,2.56351,2.66513,1.84294,0.000964348,0.000964348,0.000964348
10,240.122,2.48769,2.8581,1.63966,0.63375,0.03793,0.01643,0.005,2.71918,2.83081,2.05451,0.000946016,0.000946016,0.000946016
11,262.973,2.46302,2.7532,1.68542,0.65157,0.03793,0.03464,0.00813,2.71149,2.66427,1.94303,0.000927685,0.000927685,0.000927685
12,286.977,2.40248,2.64203,1.6152,0.42806,0.06552,0.03859,0.01113,2.62399,2.54034,1.89772,0.000909353,0.000909353,0.000909353
13,309.274,2.433,2.58803,1.60702,0.36551,0.0954,0.07061,0.01802,2.48242,2.46974,1.74207,0.000891022,0.000891022,0.000891022
14,331.403,2.36674,2.47261,1.62944,0.49748,0.08448,0.09339,0.03404,2.56456,2.45831,1.80285,0.000872691,0.000872691,0.000872691
15,353.439,2.38821,2.53917,1.59062,0.5488,0.13448,0.10642,0.03062,2.63881,2.35687,1.87521,0.000854359,0.000854359,0.000854359
16,374.117,2.3402,2.45497,1.53874,0.55035,0.12069,0.10843,0.042,2.56666,2.63044,1.88308,0.000836027,0.000836027,0.000836027
17,397.863,2.3124,2.40384,1.58084,0.36429,0.08793,0.12853,0.04237,2.59965,2.46288,1.80241,0.000817696,0.000817696,0.000817696
18,420.773,2.27624,2.30467,1.55232,0.27969,0.11379,0.06744,0.02101,2.56777,2.54384,1.77218,0.000799365,0.000799365,0.000799365
19,444.463,2.32202,2.26838,1.58368,0.12397,0.17634,0.16722,0.03655,2.52054,2.25284,1.81111,0.000781033,0.000781033,0.000781033
20,464.445,2.24726,2.2399,1.48873,0.2929,0.09828,0.10418,0.03662,2.67547,2.28041,1.98766,0.000762702,0.000762702,0.000762702
21,486.105,2.22527,2.20861,1.54525,0.51235,0.19483,0.1324,0.03822,2.55372,2.32146,1.82514,0.00074437,0.00074437,0.00074437
22,507.226,2.24654,2.12435,1.47854,0.58006,0.11721,0.11267,0.03015,2.62598,2.28491,1.79487,0.000726038,0.000726038,0.000726038
23,528.625,2.18661,2.09353,1.44811,0.31984,0.16034,0.14264,0.04704,2.55646,2.21954,1.77744,0.000707707,0.000707707,0.000707707
24,550.575,2.22355,2.07953,1.49754,0.09044,0.23599,0.10326,0.04028,2.49525,2.18798,1.85093,0.000689376,0.000689376,0.000689376
25,573.198,2.16844,2.1122,1.48364,0.25093,0.28336,0.21442,0.05674,2.50626,2.25751,1.79351,0.000671044,0.000671044,0.000671044
26,597.337,2.22188,2.0767,1.50757,0.54344,0.1431,0.12727,0.03571,2.50401,2.54548,1.75576,0.000652712,0.000652712,0.000652712
27,621.943,2.22544,2.20715,1.46916,0.33562,0.18621,0.16425,0.05695,2.54741,2.50742,1.79109,0.000634381,0.000634381,0.000634381
28,644.951,2.09567,2.01732,1.46652,0.15424,0.35,0.17031,0.06348,2.54094,2.19909,1.7909,0.000616049,0.000616049,0.000616049
29,667.315,2.06134,1.95995,1.44364,0.2838,0.39138,0.30971,0.11637,2.66026,2.30265,1.90708,0.000597718,0.000597718,0.000597718
30,689.668,2.09857,1.893,1.42499,0.25915,0.2069,0.19142,0.06407,2.54561,2.29888,1.81903,0.000579386,0.000579386,0.000579386
31,711.307,2.07082,1.84766,1.40308,0.29191,0.17931,0.16029,0.04567,2.60637,2.2509,1.93325,0.000561055,0.000561055,0.000561055
32,736.084,1.98661,1.82917,1.37643,0.49255,0.10345,0.12229,0.04917,2.66861,2.31081,1.93247,0.000542723,0.000542723,0.000542723
33,756.052,2.05324,1.88621,1.4243,0.22984,0.28621,0.24619,0.11144,2.6177,2.21014,1.92829,0.000524392,0.000524392,0.000524392
34,780.112,2.05062,1.86447,1.42529,0.55829,0.14483,0.24372,0.13418,2.52875,2.18246,1.8272,0.00050606,0.00050606,0.00050606
35,803.76,1.97044,1.82314,1.37232,0.35146,0.19956,0.24814,0.08061,2.50235,2.16027,1.7666,0.000487729,0.000487729,0.000487729
36,825.906,1.96544,1.76128,1.34545,0.28218,0.44195,0.30865,0.13943,2.58428,2.16136,1.81185,0.000469397,0.000469397,0.000469397
37,849.415,1.97054,1.72129,1.35472,0.30886,0.35862,0.32626,0.13078,2.56931,2.26208,1.84556,0.000451066,0.000451066,0.000451066
38,871.77,2.01082,1.78716,1.42624,0.3568,0.16207,0.23765,0.06011,2.60537,2.262,1.83229,0.000432734,0.000432734,0.000432734
39,891.592,1.8788,1.6925,1.34237,0.3727,0.16037,0.23105,0.07952,2.55551,2.25426,1.78539,0.000414403,0.000414403,0.000414403
40,916.942,1.87815,1.67696,1.32592,0.21913,0.30517,0.27342,0.06877,2.56173,2.25951,1.8664,0.000396071,0.000396071,0.000396071
41,938.931,1.90972,1.66621,1.33894,0.19764,0.29655,0.16302,0.05157,2.55944,2.18368,1.838,0.00037774,0.00037774,0.00037774
42,963.036,1.88572,1.68249,1.34983,0.20315,0.27018,0.21643,0.08114,2.56898,2.13784,1.88466,0.000359409,0.000359409,0.000359409
43,987.527,1.90388,1.61824,1.30512,0.35501,0.15517,0.18722,0.07343,2.60817,2.16315,1.90274,0.000341077,0.000341077,0.000341077
44,1010.97,1.80299,1.5424,1.27556,0.19065,0.27736,0.19461,0.0693,2.66306,2.24293,1.89952,0.000322745,0.000322745,0.000322745
45,1035.16,1.86409,1.56777,1.28203,0.19121,0.27759,0.15746,0.06416,2.57882,2.20585,1.84759,0.000304414,0.000304414,0.000304414
46,1057.88,1.82541,1.64282,1.30012,0.28002,0.2569,0.2098,0.08277,2.56293,2.28532,1.8202,0.000286083,0.000286083,0.000286083
47,1077.65,1.81289,1.53401,1.28395,0.34691,0.32254,0.29803,0.1059,2.52417,2.20436,1.83228,0.000267751,0.000267751,0.000267751
48,1097.89,1.75693,1.49632,1.2624,0.33246,0.29291,0.29948,0.12446,2.58822,2.16962,1.8742,0.00024942,0.00024942,0.00024942
49,1118.79,1.80548,1.53174,1.2919,0.19431,0.32126,0.19538,0.08189,2.60266,2.27757,1.90677,0.000231088,0.000231088,0.000231088
50,1139.55,1.79243,1.50515,1.26738,0.15965,0.29483,0.17068,0.07363,2.63407,2.2435,1.90949,0.000212757,0.000212757,0.000212757
51,1166.98,1.83024,1.65744,1.31942,0.16484,0.15517,0.16126,0.0635,2.68565,2.24126,1.91437,0.000194425,0.000194425,0.000194425
52,1189.49,1.77484,1.56509,1.31159,0.36256,0.16207,0.14303,0.06253,2.64846,2.24888,1.91012,0.000176094,0.000176094,0.000176094
53,1213.2,1.7199,1.51363,1.287,0.29839,0.26379,0.23885,0.09555,2.66759,2.24896,1.96588,0.000157762,0.000157762,0.000157762
54,1235.8,1.67577,1.44794,1.25997,0.31537,0.27517,0.24548,0.09591,2.67489,2.18524,1.95996,0.000139431,0.000139431,0.000139431
55,1255.1,1.66428,1.41624,1.2562,0.26994,0.26724,0.23176,0.08706,2.6772,2.26275,1.95631,0.000121099,0.000121099,0.000121099
56,1273.41,1.63718,1.39697,1.25129,0.25924,0.27759,0.23716,0.0893,2.62109,2.25025,1.9239,0.000102768,0.000102768,0.000102768
57,1295.05,1.64142,1.45019,1.26187,0.23199,0.28276,0.23268,0.09739,2.62252,2.24922,1.9414,8.4436e-05,8.4436e-05,8.4436e-05
58,1318.45,1.61908,1.40649,1.24072,0.23998,0.28103,0.23001,0.08677,2.65306,2.21721,1.93933,6.61045e-05,6.61045e-05,6.61045e-05
59,1340.7,1.64988,1.40102,1.24948,0.21851,0.28448,0.23562,0.09645,2.67105,2.2268,1.95396,4.7773e-05,4.7773e-05,4.7773e-05
60,1363.36,1.59767,1.36009,1.2343,0.2116,0.28103,0.17157,0.06065,2.68211,2.23907,1.96365,2.94415e-05,2.94415e-05,2.94415e-05
